Workbook

Sheet TÍTULAR
C3: 1. DADOS DO TÍTULAR
C4: preencha os dados da sua pessoa fisica abaixo
C7: NOME | D7: MARY LIMA NOGUEIRA
C8: CPF | D8: 90080135704
C9: NASCIMENTO | D9: 35205
C10: TITULO DE ELEITOR | D10: 31713388
C11: CÔNJUGE | D11: Lucas Nogueira
C12: RUA | D12: rua dos limoeiros. R, -N180
C13: RUA ABREVIADA | D13: rua dos limoeiros. R, -N180
C14: CEP | D14: 38730000
C15: TELEFONE | D15: 1191772371
C16: CELULAR | D16: 11991772371
C17: E-MAIL | D17: marylima@dio.com
C18: HOUVE ALTERAÇÕES DA ENTREGA ANTERIOR | D18: SIM
C19: DEPENDENTE CÔNJUGE | D19: NÃO
C20: RESIDENTE DO EXTERIOR | D20: NÃO

Sheet INFORMES
C3: 2. INFORMES DE RENDIMENTOS BANCÁRIOS
C4: Preencha com seus dados atuais de cada banco
C6: TOTAL
C7: =SUM(D10,D16,D22) -> 420000
C8: 1 Banco
C9: BANCO | D9: 237 - Banco Bradesco
C10: VALOR ATUAL | D10: 300000
C11: ANEXO | D11: bradesco_2025.pdf
C14: 2 Banco
C15: BANCO | D15: 102 - XP Investimentos CCTVM S.A.
C16: VALOR ATUAL | D16: 100000
C17: ANEXO | D17: bradesco_2025.pdf
C20: 3 Banco
C21: BANCO | D21: 341 - Itaú Unibanco
C22: VALOR ATUAL | D22: 20000
C23: ANEXO | D23: bradesco_2025.pdf

Sheet NOTAS
C3: 3. NOTAS BANCÁRIAS OU EXTRATO DE HOLHERITE
C4: São todos valores de entrada mês a mês de receita
D7: ENTRADAS
C8: DATA | D8: CATEGORIA | E8: VALOR
C9: 46307 | D9: Holherite | E9: 3000

Sheet RESUMO
C3: 4. RESUMO FINANCEIRO
C4: Visão geral calculada automaticamente com os dados das abas anteriores
C6: TITULAR
C7: NOME | D7: =TÍTULAR!D7 -> MARY LIMA NOGUEIRA
C8: CPF | D8: =TÍTULAR!D8 -> 90080135704
C10: PATRIMÔNIO POR BANCO
C11: BANCO | D11: VALOR ATUAL | E11: % DO TOTAL
C12: =INFORMES!D9 -> 237 - Banco Bradesco | D12: =INFORMES!D10 -> 300000 | E12: =IF($D$15=0,0,D12/$D$15) -> 0.71428571
C13: =INFORMES!D15 -> 102 - XP Investimentos CCTVM S.A. | D13: =INFORMES!D16 -> 100000 | E13: =IF($D$15=0,0,D13/$D$15) -> 0.23809524
C14: =INFORMES!D21 -> 341 - Itaú Unibanco | D14: =INFORMES!D22 -> 20000 | E14: =IF($D$15=0,0,D14/$D$15) -> 0.047619048
C15: TOTAL | D15: =SUM(D12:D14) -> 420000 | E15: =SUM(E12:E14) -> 1
C17: ENTRADAS POR CATEGORIA (ABA NOTAS)
C18: CATEGORIA | D18: LANÇAMENTOS | E18: VALOR TOTAL | F18: % DO TOTAL
C19: Holherite | D19: =SUMPRODUCT(--(TRIM(NOTAS!$D$9:$D$500)=$C19)) -> 1 | E19: =SUMPRODUCT(--(TRIM(NOTAS!$D$9:$D$500)=$C19),NOTAS!$E$9:$E$500) -> 3000 | F19: =IF($E$22=0,0,E19/$E$22) -> 1
C20: CNPJ | D20: =SUMPRODUCT(--(TRIM(NOTAS!$D$9:$D$500)=$C20)) -> 0 | E20: =SUMPRODUCT(--(TRIM(NOTAS!$D$9:$D$500)=$C20),NOTAS!$E$9:$E$500) -> 0 | F20: =IF($E$22=0,0,E20/$E$22) -> 0
C21: Freelance | D21: =SUMPRODUCT(--(TRIM(NOTAS!$D$9:$D$500)=$C21)) -> 0 | E21: =SUMPRODUCT(--(TRIM(NOTAS!$D$9:$D$500)=$C21),NOTAS!$E$9:$E$500) -> 0 | F21: =IF($E$22=0,0,E21/$E$22) -> 0
C22: TOTAL | D22: =SUM(D19:D21) -> 1 | E22: =SUM(E19:E21) -> 3000 | F22: =SUM(F19:F21) -> 1
C24: INDICADORES
C25: Patrimônio total em bancos | D25: =D15 -> 420000
C26: Total de entradas registradas | D26: =SUM(NOTAS!$E$9:$E$500) -> 3000
C27: Nº de lançamentos | D27: =COUNT(NOTAS!$E$9:$E$500) -> 1
C28: Média por lançamento | D28: =IF(D27=0,0,D26/D27) -> 3000
C29: Maior entrada | D29: =MAX(NOTAS!$E$9:$E$500) -> 3000
C30: Valores calculados com fórmulas a partir das abas INFORMES e NOTAS: ao alterar esses dados, este resumo e os gráficos se atualizam.
